[{"pos_x": 177.325, "pos_y": 46.145, "rotation": 180.0, "side": "top", "designator": "UA8_76", "mpn": null, "pack": "SOIC-14_3.9x8.7mm_P1.27mm", "value": "74LVC07", "mount_type": "smt", "place": true}, {"pos_x": 226.365, "pos_y": 18.695, "rotation": 90.0, "side": "top", "designator": "C20", "mpn": null, "pack": "C_0603_1608Metric", "value": "0.1u", "mount_type": "smt", "place": true}, {"pos_x": 93.315, "pos_y": 37.305, "rotation": -90.0, "side": "top", "designator": "C92", "mpn": null, "pack": "C_0603_1608Metric", "value": "C", "mount_type": "smt", "place": true}, {"pos_x": 153.375, "pos_y": 35.15, "rotation": 180.0, "side": "top", "designator": "UA8_54", "mpn": null, "pack": "SOIC-14_3.9x8.7mm_P1.27mm", "value": "74HC27", "mount_type": "smt", "place": true}, {"pos_x": 69.615, "pos_y": 48.08, "rotation": -90.0, "side": "top", "designator": "C77", "mpn": null, "pack": "C_0805_2012Metric", "value": "100u", "mount_type": "smt", "place": true}, {"pos_x": 135.285, "pos_y": 18.695, "rotation": 90.0, "side": "top", "designator": "C12", "mpn": null, "pack": "C_0603_1608Metric", "value": "0.1u", "mount_type": "smt", "place": true}, {"pos_x": 86.145, "pos_y": 9.855, "rotation": 0.0, "side": "top", "designator": "UA8_28", "mpn": null, "pack": "SOIC-14_3.9x8.7mm_P1.27mm", "value": "74HC27", "mount_type": "smt", "place": true}, {"pos_x": 104.235, "pos_y": 48.3, "rotation": -90.0, "side": "top", "designator": "C47", "mpn": null, "pack": "C_0603_1608Metric", "value": "C", "mount_type": "smt", "place": true}, {"pos_x": 69.615, "pos_y": 37.085, "rotation": -90.0, "side": "top", "designator": "C61", "mpn": null, "pack": "C_0805_2012Metric", "value": "1u", "mount_type": "smt", "place": true}, {"pos_x": 47.525, "pos_y": 48.3, "rotation": -90.0, "side": "top", "designator": "C81", "mpn": null, "pack": "C_0603_1608Metric", "value": "C", "mount_type": "smt", "place": true}, {"pos_x": 146.205, "pos_y": 18.695, "rotation": 90.0, "side": "top", "designator": "C13", "mpn": null, "pack": "C_0603_1608Metric", "value": "0.1u", "mount_type": "smt", "place": true}, {"pos_x": 82.395, "pos_y": 37.305, "rotation": -90.0, "side": "top", "designator": "C57", "mpn": null, "pack": "C_0603_1608Metric", "value": "C", "mount_type": "smt", "place": true}, {"pos_x": 170.155, "pos_y": 12.14, "rotation": -90.0, "side": "top", "designator": "A8_R6", "mpn": null, "pack": "R_0603_1608Metric", "value": "5k", "mount_type": "smt", "place": true}, {"pos_x": 86.145, "pos_y": 20.85, "rotation": 0.0, "side": "top", "designator": "UA8_8", "mpn": null, "pack": "SOIC-14_3.9x8.7mm_P1.27mm", "value": "74HC27", "mount_type": "smt", "place": true}, {"pos_x": 51.275, "pos_y": 9.855, "rotation": 0.0, "side": "top", "designator": "UA8_25", "mpn": null, "pack": "SOIC-14_3.9x8.7mm_P1.27mm", "value": "74HC02", "mount_type": "smt", "place": true}, {"pos_x": 23.975, "pos_y": 7.7, "rotation": -90.0, "side": "top", "designator": "R2", "mpn": null, "pack": "R_0603_1608Metric", "value": "5k", "mount_type": "smt", "place": true}, {"pos_x": 71.475, "pos_y": 48.3, "rotation": -90.0, "side": "top", "designator": "C52", "mpn": null, "pack": "C_0603_1608Metric", "value": "C", "mount_type": "smt", "place": true}, {"pos_x": 34.895, "pos_y": 7.7, "rotation": 90.0, "side": "top", "designator": "C23", "mpn": null, "pack": "C_0603_1608Metric", "value": "0.1u", "mount_type": "smt", "place": true}, {"pos_x": 34.895, "pos_y": 18.695, "rotation": 90.0, "side": "top", "designator": "C3", "mpn": null, "pack": "C_0603_1608Metric", "value": "0.1u", "mount_type": "smt", "place": true}, {"pos_x": 182.785, "pos_y": 48.3, "rotation": -90.0, "side": "top", "designator": "A8_R48", "mpn": null, "pack": "R_0603_1608Metric", "value": "5k", "mount_type": "smt", "place": true}, {"pos_x": 5.985, "pos_y": 20.85, "rotation": 0.0, "side": "top", "designator": "UA8_1", "mpn": null, "pack": "SOIC-14_3.9x8.7mm_P1.27mm", "value": "74HC02", "mount_type": "smt", "place": true}, {"pos_x": 158.985, "pos_y": 7.92, "rotation": 90.0, "side": "top", "designator": "C46", "mpn": null, "pack": "C_0805_2012Metric", "value": "100u", "mount_type": "smt", "place": true}, {"pos_x": 22.365, "pos_y": 7.7, "rotation": 90.0, "side": "top", "designator": "C22", "mpn": null, "pack": "C_0603_1608Metric", "value": "0.1u", "mount_type": "smt", "place": true}, {"pos_x": 157.125, "pos_y": 7.7, "rotation": 90.0, "side": "top", "designator": "C34", "mpn": null, "pack": "C_0603_1608Metric", "value": "0.1u", "mount_type": "smt", "place": true}, {"pos_x": 42.065, "pos_y": 46.145, "rotation": 180.0, "side": "top", "designator": "UA8_64", "mpn": null, "pack": "SOIC-14_3.9x8.7mm_P1.27mm", "value": "74HC27", "mount_type": "smt", "place": true}, {"pos_x": 199.065, "pos_y": 9.855, "rotation": 0.0, "side": "top", "designator": "UA8_38", "mpn": null, "pack": "SOIC-14_3.9x8.7mm_P1.27mm", "value": "74HC02", "mount_type": "smt", "place": true}, {"pos_x": 24.075, "pos_y": 37.305, "rotation": 90.0, "side": "top", "designator": "RA8_41", "mpn": null, "pack": "R_0603_1608Metric", "value": "5k", "mount_type": "smt", "place": true}, {"pos_x": 136.995, "pos_y": 48.3, "rotation": -90.0, "side": "top", "designator": "C62", "mpn": null, "pack": "C_0603_1608Metric", "value": "C", "mount_type": "smt", "place": true}, {"pos_x": 75.225, "pos_y": 9.855, "rotation": 0.0, "side": "top", "designator": "UA8_27", "mpn": null, "pack": "SOIC-14_3.9x8.7mm_P1.27mm", "value": "74LVC07", "mount_type": "smt", "place": true}, {"pos_x": 11.445, "pos_y": 18.695, "rotation": 90.0, "side": "top", "designator": "C1", "mpn": null, "pack": "C_0603_1608Metric", "value": "0.1u", "mount_type": "smt", "place": true}, {"pos_x": 175.615, "pos_y": 20.85, "rotation": 0.0, "side": "top", "designator": "UA8_16", "mpn": null, "pack": "SOIC-14_3.9x8.7mm_P1.27mm", "value": "74LVC07", "mount_type": "smt", "place": true}, {"pos_x": 82.395, "pos_y": 48.3, "rotation": -90.0, "side": "top", "designator": "C48", "mpn": null, "pack": "C_0603_1608Metric", "value": "C", "mount_type": "smt", "place": true}, {"pos_x": 181.075, "pos_y": 12.14, "rotation": -90.0, "side": "top", "designator": "A8_R9", "mpn": null, "pack": "R_0603_1608Metric", "value": "5k", "mount_type": "smt", "place": true}, {"pos_x": 129.825, "pos_y": 9.855, "rotation": 0.0, "side": "top", "designator": "UA8_32", "mpn": null, "pack": "SOIC-14_3.9x8.7mm_P1.27mm", "value": "74HC4002", "mount_type": "smt", "place": true}, {"pos_x": 160.945, "pos_y": 48.3, "rotation": -90.0, "side": "top", "designator": "C90", "mpn": null, "pack": "C_0603_1608Metric", "value": "C", "mount_type": "smt", "place": true}, {"pos_x": 11.445, "pos_y": 7.7, "rotation": 90.0, "side": "top", "designator": "C21", "mpn": null, "pack": "C_0603_1608Metric", "value": "0.1u", "mount_type": "smt", "place": true}, {"pos_x": 98.775, "pos_y": 46.145, "rotation": 180.0, "side": "top", "designator": "UA8_69", "mpn": null, "pack": "SOIC-14_3.9x8.7mm_P1.27mm", "value": "74HC27", "mount_type": "smt", "place": true}, {"pos_x": 51.275, "pos_y": 20.85, "rotation": 0.0, "side": "top", "designator": "UA8_5", "mpn": null, "pack": "SOIC-14_3.9x8.7mm_P1.27mm", "value": "74HC02", "mount_type": "smt", "place": true}, {"pos_x": 76.935, "pos_y": 35.15, "rotation": 180.0, "side": "top", "designator": "UA8_47", "mpn": null, "pack": "SOIC-14_3.9x8.7mm_P1.27mm", "value": "74LVC07", "mount_type": "smt", "place": true}, {"pos_x": 52.985, "pos_y": 46.145, "rotation": 180.0, "side": "top", "designator": "UA8_65", "mpn": null, "pack": "SOIC-14_3.9x8.7mm_P1.27mm", "value": "74HC02", "mount_type": "smt", "place": true}, {"pos_x": 142.455, "pos_y": 46.145, "rotation": 180.0, "side": "top", "designator": "UA8_73", "mpn": null, "pack": "SOIC-14_3.9x8.7mm_P1.27mm", "value": "74HC02", "mount_type": "smt", "place": true}, {"pos_x": 29.435, "pos_y": 20.85, "rotation": 0.0, "side": "top", "designator": "UA8_3", "mpn": null, "pack": "SOIC-14_3.9x8.7mm_P1.27mm", "value": "74HC02", "mount_type": "smt", "place": true}, {"pos_x": 102.525, "pos_y": 18.695, "rotation": 90.0, "side": "top", "designator": "C9", "mpn": null, "pack": "C_0603_1608Metric", "value": "0.1u", "mount_type": "smt", "place": true}, {"pos_x": 159.085, "pos_y": 48.08, "rotation": -90.0, "side": "top", "designator": "C82", "mpn": null, "pack": "C_0805_2012Metric", "value": "100u", "mount_type": "smt", "place": true}, {"pos_x": 171.865, "pos_y": 32.875, "rotation": -90.0, "side": "top", "designator": "A8_R45", "mpn": null, "pack": "R_0603_1608Metric", "value": "5k", "mount_type": "smt", "place": true}, {"pos_x": 69.515, "pos_y": 7.92, "rotation": 90.0, "side": "top", "designator": "C45", "mpn": null, "pack": "C_0805_2012Metric", "value": "100u", "mount_type": "smt", "place": true}, {"pos_x": 42.065, "pos_y": 35.15, "rotation": 180.0, "side": "top", "designator": "UA8_44", "mpn": null, "pack": "SOIC-14_3.9x8.7mm_P1.27mm", "value": "74HC27", "mount_type": "smt", "place": true}, {"pos_x": 146.205, "pos_y": 7.7, "rotation": 90.0, "side": "top", "designator": "C33", "mpn": null, "pack": "C_0603_1608Metric", "value": "0.1u", "mount_type": "smt", "place": true}, {"pos_x": 67.655, "pos_y": 23.125, "rotation": -90.0, "side": "top", "designator": "RA8_3", "mpn": null, "pack": "R_0603_1608Metric", "value": "5k", "mount_type": "smt", "place": true}, {"pos_x": 104.235, "pos_y": 37.305, "rotation": -90.0, "side": "top", "designator": "C74", "mpn": null, "pack": "C_0603_1608Metric", "value": "C", "mount_type": "smt", "place": true}, {"pos_x": 217.155, "pos_y": 37.305, "rotation": -90.0, "side": "top", "designator": "C80", "mpn": null, "pack": "C_0603_1608Metric", "value": "C", "mount_type": "smt", "place": true}, {"pos_x": 193.605, "pos_y": 7.7, "rotation": 90.0, "side": "top", "designator": "C37", "mpn": null, "pack": "C_0603_1608Metric", "value": "0.1u", "mount_type": "smt", "place": true}, {"pos_x": 13.155, "pos_y": 48.3, "rotation": -90.0, "side": "top", "designator": "C86", "mpn": null, "pack": "C_0603_1608Metric", "value": "C", "mount_type": "smt", "place": true}, {"pos_x": 63.905, "pos_y": 35.15, "rotation": 180.0, "side": "top", "designator": "UA8_46", "mpn": null, "pack": "SOIC-14_3.9x8.7mm_P1.27mm", "value": "74HC02", "mount_type": "smt", "place": true}, {"pos_x": 184.395, "pos_y": 37.305, "rotation": -90.0, "side": "top", "designator": "C66", "mpn": null, "pack": "C_0603_1608Metric", "value": "C", "mount_type": "smt", "place": true}, {"pos_x": 115.155, "pos_y": 37.305, "rotation": -90.0, "side": "top", "designator": "C72", "mpn": null, "pack": "C_0603_1608Metric", "value": "C", "mount_type": "smt", "place": true}, {"pos_x": 69.775, "pos_y": 12.14, "rotation": -90.0, "side": "top", "designator": "RA8_4", "mpn": null, "pack": "R_0603_1608Metric", "value": "5k", "mount_type": "smt", "place": true}, {"pos_x": 126.075, "pos_y": 37.305, "rotation": -90.0, "side": "top", "designator": "C67", "mpn": null, "pack": "C_0603_1608Metric", "value": "C", "mount_type": "smt", "place": true}, {"pos_x": 136.995, "pos_y": 37.305, "rotation": -90.0, "side": "top", "designator": "C60", "mpn": null, "pack": "C_0603_1608Metric", "value": "C", "mount_type": "smt", "place": true}, {"pos_x": 170.155, "pos_y": 7.7, "rotation": 90.0, "side": "top", "designator": "C35", "mpn": null, "pack": "C_0603_1608Metric", "value": "0.1u", "mount_type": "smt", "place": true}, {"pos_x": 62.195, "pos_y": 20.85, "rotation": 0.0, "side": "top", "designator": "UA8_6", "mpn": null, "pack": "SOIC-14_3.9x8.7mm_P1.27mm", "value": "74HC02", "mount_type": "smt", "place": true}, {"pos_x": 67.875, "pos_y": 11.92, "rotation": -90.0, "side": "top", "designator": "C43", "mpn": null, "pack": "C_0805_2012Metric", "value": "10u", "mount_type": "smt", "place": true}, {"pos_x": 45.815, "pos_y": 7.7, "rotation": 90.0, "side": "top", "designator": "C24", "mpn": null, "pack": "C_0603_1608Metric", "value": "0.1u", "mount_type": "smt", "place": true}, {"pos_x": 118.905, "pos_y": 20.85, "rotation": 0.0, "side": "top", "designator": "UA8_11", "mpn": null, "pack": "SOIC-14_3.9x8.7mm_P1.27mm", "value": "74HC27", "mount_type": "smt", "place": true}, {"pos_x": 151.665, "pos_y": 9.855, "rotation": 0.0, "side": "top", "designator": "UA8_34", "mpn": null, "pack": "SOIC-14_3.9x8.7mm_P1.27mm", "value": "74HC27", "mount_type": "smt", "place": true}, {"pos_x": 76.935, "pos_y": 46.145, "rotation": 180.0, "side": "top", "designator": "UA8_67", "mpn": null, "pack": "SOIC-14_3.9x8.7mm_P1.27mm", "value": "74LVC07", "mount_type": "smt", "place": true}, {"pos_x": 23.975, "pos_y": 18.695, "rotation": -90.0, "side": "top", "designator": "RA8_1", "mpn": null, "pack": "R_0603_1608Metric", "value": "5k", "mount_type": "smt", "place": true}, {"pos_x": 159.875, "pos_y": 32.4, "rotation": 0.0, "side": "top", "designator": "C70", "mpn": null, "pack": "C_0805_2012Metric", "value": "10u", "mount_type": "smt", "place": true}, {"pos_x": 16.905, "pos_y": 20.85, "rotation": 0.0, "side": "top", "designator": "UA8_2", "mpn": null, "pack": "SOIC-14_3.9x8.7mm_P1.27mm", "value": "74LVC07", "mount_type": "smt", "place": true}, {"pos_x": 25.685, "pos_y": 48.3, "rotation": -90.0, "side": "top", "designator": "C63", "mpn": null, "pack": "C_0603_1608Metric", "value": "C", "mount_type": "smt", "place": true}, {"pos_x": 58.445, "pos_y": 48.3, "rotation": -90.0, "side": "top", "designator": "C53", "mpn": null, "pack": "C_0603_1608Metric", "value": "C", "mount_type": "smt", "place": true}, {"pos_x": 215.445, "pos_y": 7.7, "rotation": 90.0, "side": "top", "designator": "C39", "mpn": null, "pack": "C_0603_1608Metric", "value": "0.1u", "mount_type": "smt", "place": true}, {"pos_x": 87.855, "pos_y": 35.15, "rotation": 180.0, "side": "top", "designator": "UA8_48", "mpn": null, "pack": "SOIC-14_3.9x8.7mm_P1.27mm", "value": "74HC27", "mount_type": "smt", "place": true}, {"pos_x": 158.2686, "pos_y": 12.64, "rotation": 0.0, "side": "top", "designator": "C44", "mpn": null, "pack": "C_0805_2012Metric", "value": "10u", "mount_type": "smt", "place": true}, {"pos_x": 200.775, "pos_y": 35.15, "rotation": 180.0, "side": "top", "designator": "UA8_58", "mpn": null, "pack": "SOIC-14_3.9x8.7mm_P1.27mm", "value": "74HC02", "mount_type": "smt", "place": true}, {"pos_x": 18.615, "pos_y": 35.15, "rotation": 180.0, "side": "top", "designator": "UA8_42", "mpn": null, "pack": "SOIC-14_3.9x8.7mm_P1.27mm", "value": "74LVC07", "mount_type": "smt", "place": true}, {"pos_x": 22.365, "pos_y": 18.695, "rotation": 90.0, "side": "top", "designator": "C2", "mpn": null, "pack": "C_0603_1608Metric", "value": "0.1u", "mount_type": "smt", "place": true}, {"pos_x": 22.375, "pos_y": 12.15, "rotation": -90.0, "side": "top", "designator": "A8_R10", "mpn": null, "pack": "R_0603_1608Metric", "value": "5k", "mount_type": "smt", "place": true}, {"pos_x": 220.905, "pos_y": 9.855, "rotation": 0.0, "side": "top", "designator": "UA8_40", "mpn": null, "pack": "SOIC-14_3.9x8.7mm_P1.27mm", "value": "74HC02", "mount_type": "smt", "place": true}, {"pos_x": 24.075, "pos_y": 43.86, "rotation": 90.0, "side": "top", "designator": "A8_R50", "mpn": null, "pack": "R_0603_1608Metric", "value": "5k", "mount_type": "smt", "place": true}, {"pos_x": 67.655, "pos_y": 18.695, "rotation": 90.0, "side": "top", "designator": "C6", "mpn": null, "pack": "C_0603_1608Metric", "value": "0.1u", "mount_type": "smt", "place": true}, {"pos_x": 159.085, "pos_y": 37.085, "rotation": -90.0, "side": "top", "designator": "C58", "mpn": null, "pack": "C_0805_2012Metric", "value": "1u", "mount_type": "smt", "place": true}, {"pos_x": 56.735, "pos_y": 7.7, "rotation": 90.0, "side": "top", "designator": "C25", "mpn": null, "pack": "C_0603_1608Metric", "value": "0.1u", "mount_type": "smt", "place": true}, {"pos_x": 200.775, "pos_y": 46.145, "rotation": 180.0, "side": "top", "designator": "UA8_78", "mpn": null, "pack": "SOIC-14_3.9x8.7mm_P1.27mm", "value": "74HC02", "mount_type": "smt", "place": true}, {"pos_x": 131.535, "pos_y": 46.145, "rotation": 180.0, "side": "top", "designator": "UA8_72", "mpn": null, "pack": "SOIC-14_3.9x8.7mm_P1.27mm", "value": "74HC4002", "mount_type": "smt", "place": true}, {"pos_x": 7.695, "pos_y": 35.15, "rotation": 180.0, "side": "top", "designator": "UA8_41", "mpn": null, "pack": "SOIC-14_3.9x8.7mm_P1.27mm", "value": "74HC02", "mount_type": "smt", "place": true}, {"pos_x": 181.075, "pos_y": 18.695, "rotation": 90.0, "side": "top", "designator": "C16", "mpn": null, "pack": "C_0603_1608Metric", "value": "0.1u", "mount_type": "smt", "place": true}, {"pos_x": 120.615, "pos_y": 35.15, "rotation": 180.0, "side": "top", "designator": "UA8_51", "mpn": null, "pack": "SOIC-14_3.9x8.7mm_P1.27mm", "value": "74HC27", "mount_type": "smt", "place": true}, {"pos_x": 166.405, "pos_y": 35.15, "rotation": 180.0, "side": "top", "designator": "UA8_55", "mpn": null, "pack": "SOIC-14_3.9x8.7mm_P1.27mm", "value": "74HC02", "mount_type": "smt", "place": true}, {"pos_x": 140.745, "pos_y": 9.855, "rotation": 0.0, "side": "top", "designator": "UA8_33", "mpn": null, "pack": "SOIC-14_3.9x8.7mm_P1.27mm", "value": "74HC02", "mount_type": "smt", "place": true}, {"pos_x": 36.605, "pos_y": 37.305, "rotation": -90.0, "side": "top", "designator": "C79", "mpn": null, "pack": "C_0603_1608Metric", "value": "C", "mount_type": "smt", "place": true}, {"pos_x": 160.945, "pos_y": 37.305, "rotation": -90.0, "side": "top", "designator": "C50", "mpn": null, "pack": "C_0603_1608Metric", "value": "C", "mount_type": "smt", "place": true}, {"pos_x": 69.515, "pos_y": 18.922, "rotation": 90.0, "side": "top", "designator": "C41", "mpn": null, "pack": "C_0805_2012Metric", "value": "1u", "mount_type": "smt", "place": true}, {"pos_x": 97.065, "pos_y": 20.85, "rotation": 0.0, "side": "top", "designator": "UA8_9", "mpn": null, "pack": "SOIC-14_3.9x8.7mm_P1.27mm", "value": "74HC27", "mount_type": "smt", "place": true}, {"pos_x": 171.865, "pos_y": 48.3, "rotation": -90.0, "side": "top", "designator": "C68", "mpn": null, "pack": "C_0603_1608Metric", "value": "C", "mount_type": "smt", "place": true}, {"pos_x": 124.365, "pos_y": 7.7, "rotation": 90.0, "side": "top", "designator": "C31", "mpn": null, "pack": "C_0603_1608Metric", "value": "0.1u", "mount_type": "smt", "place": true}, {"pos_x": 31.145, "pos_y": 35.15, "rotation": 180.0, "side": "top", "designator": "UA8_43", "mpn": null, "pack": "SOIC-14_3.9x8.7mm_P1.27mm", "value": "74HC02", "mount_type": "smt", "place": true}, {"pos_x": 2.235, "pos_y": 37.305, "rotation": -90.0, "side": "top", "designator": "C89", "mpn": null, "pack": "C_0603_1608Metric", "value": "C", "mount_type": "smt", "place": true}, {"pos_x": 102.525, "pos_y": 7.7, "rotation": 90.0, "side": "top", "designator": "C29", "mpn": null, "pack": "C_0603_1608Metric", "value": "0.1u", "mount_type": "smt", "place": true}, {"pos_x": 195.315, "pos_y": 37.305, "rotation": -90.0, "side": "top", "designator": "C85", "mpn": null, "pack": "C_0603_1608Metric", "value": "C", "mount_type": "smt", "place": true}, {"pos_x": 114.3, "pos_y": 28.0, "rotation": 0.0, "side": "top", "designator": "PA8-11_gen1", "mpn": null, "pack": "276_Pin_Edge_Con", "value": "276_Pin_Edge_Conn", "mount_type": "smt", "place": true}, {"pos_x": 67.655, "pos_y": 7.7, "rotation": 90.0, "side": "top", "designator": "C26", "mpn": null, "pack": "C_0603_1608Metric", "value": "0.1u", "mount_type": "smt", "place": true}, {"pos_x": 215.445, "pos_y": 18.695, "rotation": 90.0, "side": "top", "designator": "C19", "mpn": null, "pack": "C_0603_1608Metric", "value": "0.1u", "mount_type": "smt", "place": true}, {"pos_x": 222.615, "pos_y": 46.145, "rotation": 180.0, "side": "top", "designator": "UA8_80", "mpn": null, "pack": "SOIC-14_3.9x8.7mm_P1.27mm", "value": "74HC02", "mount_type": "smt", "place": true}, {"pos_x": 189.855, "pos_y": 46.145, "rotation": 180.0, "side": "top", "designator": "UA8_77", "mpn": null, "pack": "SOIC-14_3.9x8.7mm_P1.27mm", "value": "74HC27", "mount_type": "smt", "place": true}, {"pos_x": 107.985, "pos_y": 20.85, "rotation": 0.0, "side": "top", "designator": "UA8_10", "mpn": null, "pack": "SOIC-14_3.9x8.7mm_P1.27mm", "value": "74HC02", "mount_type": "smt", "place": true}, {"pos_x": 164.695, "pos_y": 20.85, "rotation": 0.0, "side": "top", "designator": "UA8_15", "mpn": null, "pack": "SOIC-14_3.9x8.7mm_P1.27mm", "value": "74HC02", "mount_type": "smt", "place": true}, {"pos_x": 5.985, "pos_y": 9.855, "rotation": 0.0, "side": "top", "designator": "UA8_21", "mpn": null, "pack": "SOIC-14_3.9x8.7mm_P1.27mm", "value": "74HC02", "mount_type": "smt", "place": true}, {"pos_x": 166.405, "pos_y": 46.145, "rotation": 180.0, "side": "top", "designator": "UA8_75", "mpn": null, "pack": "SOIC-14_3.9x8.7mm_P1.27mm", "value": "74HC02", "mount_type": "smt", "place": true}, {"pos_x": 209.985, "pos_y": 9.855, "rotation": 0.0, "side": "top", "designator": "UA8_39", "mpn": null, "pack": "SOIC-14_3.9x8.7mm_P1.27mm", "value": "74HC27", "mount_type": "smt", "place": true}, {"pos_x": 181.075, "pos_y": 7.7, "rotation": 90.0, "side": "top", "designator": "C36", "mpn": null, "pack": "C_0603_1608Metric", "value": "0.1u", "mount_type": "smt", "place": true}, {"pos_x": 7.695, "pos_y": 46.145, "rotation": 180.0, "side": "top", "designator": "UA8_61", "mpn": null, "pack": "SOIC-14_3.9x8.7mm_P1.27mm", "value": "74HC02", "mount_type": "smt", "place": true}, {"pos_x": 126.075, "pos_y": 48.3, "rotation": -90.0, "side": "top", "designator": "C78", "mpn": null, "pack": "C_0603_1608Metric", "value": "C", "mount_type": "smt", "place": true}, {"pos_x": 195.315, "pos_y": 48.3, "rotation": -90.0, "side": "top", "designator": "C88", "mpn": null, "pack": "C_0603_1608Metric", "value": "C", "mount_type": "smt", "place": true}, {"pos_x": 93.315, "pos_y": 48.3, "rotation": -90.0, "side": "top", "designator": "C55", "mpn": null, "pack": "C_0603_1608Metric", "value": "C", "mount_type": "smt", "place": true}, {"pos_x": 118.905, "pos_y": 9.855, "rotation": 0.0, "side": "top", "designator": "UA8_31", "mpn": null, "pack": "SOIC-14_3.9x8.7mm_P1.27mm", "value": "74HC27", "mount_type": "smt", "place": true}, {"pos_x": 91.605, "pos_y": 7.7, "rotation": 90.0, "side": "top", "designator": "C28", "mpn": null, "pack": "C_0603_1608Metric", "value": "0.1u", "mount_type": "smt", "place": true}, {"pos_x": 175.615, "pos_y": 9.855, "rotation": 0.0, "side": "top", "designator": "UA8_36", "mpn": null, "pack": "SOIC-14_3.9x8.7mm_P1.27mm", "value": "74LVC07", "mount_type": "smt", "place": true}, {"pos_x": 71.475, "pos_y": 37.305, "rotation": -90.0, "side": "top", "designator": "C75", "mpn": null, "pack": "C_0603_1608Metric", "value": "C", "mount_type": "smt", "place": true}, {"pos_x": 204.525, "pos_y": 7.7, "rotation": 90.0, "side": "top", "designator": "C38", "mpn": null, "pack": "C_0603_1608Metric", "value": "0.1u", "mount_type": "smt", "place": true}, {"pos_x": 170.155, "pos_y": 18.695, "rotation": 90.0, "side": "top", "designator": "C15", "mpn": null, "pack": "C_0603_1608Metric", "value": "0.1u", "mount_type": "smt", "place": true}, {"pos_x": 13.155, "pos_y": 37.305, "rotation": -90.0, "side": "top", "designator": "C91", "mpn": null, "pack": "C_0603_1608Metric", "value": "C", "mount_type": "smt", "place": true}, {"pos_x": 147.915, "pos_y": 48.3, "rotation": -90.0, "side": "top", "designator": "C64", "mpn": null, "pack": "C_0603_1608Metric", "value": "C", "mount_type": "smt", "place": true}, {"pos_x": 25.685, "pos_y": 37.305, "rotation": -90.0, "side": "top", "designator": "C87", "mpn": null, "pack": "C_0603_1608Metric", "value": "C", "mount_type": "smt", "place": true}, {"pos_x": 40.355, "pos_y": 20.85, "rotation": 0.0, "side": "top", "designator": "UA8_4", "mpn": null, "pack": "SOIC-14_3.9x8.7mm_P1.27mm", "value": "74HC27", "mount_type": "smt", "place": true}, {"pos_x": 47.525, "pos_y": 37.305, "rotation": -90.0, "side": "top", "designator": "C56", "mpn": null, "pack": "C_0603_1608Metric", "value": "C", "mount_type": "smt", "place": true}, {"pos_x": 109.695, "pos_y": 46.145, "rotation": 180.0, "side": "top", "designator": "UA8_70", "mpn": null, "pack": "SOIC-14_3.9x8.7mm_P1.27mm", "value": "74HC02", "mount_type": "smt", "place": true}, {"pos_x": 71.225, "pos_y": 44.08, "rotation": 90.0, "side": "top", "designator": "C65", "mpn": null, "pack": "C_0805_2012Metric", "value": "10u", "mount_type": "smt", "place": true}, {"pos_x": 29.435, "pos_y": 9.855, "rotation": 0.0, "side": "top", "designator": "UA8_23", "mpn": null, "pack": "SOIC-14_3.9x8.7mm_P1.27mm", "value": "74HC02", "mount_type": "smt", "place": true}, {"pos_x": 129.825, "pos_y": 20.85, "rotation": 0.0, "side": "top", "designator": "UA8_12", "mpn": null, "pack": "SOIC-14_3.9x8.7mm_P1.27mm", "value": "74HC4002", "mount_type": "smt", "place": true}, {"pos_x": 193.605, "pos_y": 18.695, "rotation": 90.0, "side": "top", "designator": "C17", "mpn": null, "pack": "C_0603_1608Metric", "value": "0.1u", "mount_type": "smt", "place": true}, {"pos_x": 69.365, "pos_y": 43.86, "rotation": 90.0, "side": "top", "designator": "RA8_44", "mpn": null, "pack": "R_0603_1608Metric", "value": "5k", "mount_type": "smt", "place": true}, {"pos_x": 113.445, "pos_y": 18.695, "rotation": 90.0, "side": "top", "designator": "C10", "mpn": null, "pack": "C_0603_1608Metric", "value": "0.1u", "mount_type": "smt", "place": true}, {"pos_x": 182.785, "pos_y": 43.9138, "rotation": -90.0, "side": "top", "designator": "A8_R49", "mpn": null, "pack": "R_0603_1608Metric", "value": "5k", "mount_type": "smt", "place": true}, {"pos_x": 36.605, "pos_y": 48.3, "rotation": -90.0, "side": "top", "designator": "C71", "mpn": null, "pack": "C_0603_1608Metric", "value": "C", "mount_type": "smt", "place": true}, {"pos_x": 63.905, "pos_y": 46.145, "rotation": 180.0, "side": "top", "designator": "UA8_66", "mpn": null, "pack": "SOIC-14_3.9x8.7mm_P1.27mm", "value": "74HC02", "mount_type": "smt", "place": true}, {"pos_x": 98.775, "pos_y": 35.15, "rotation": 180.0, "side": "top", "designator": "UA8_49", "mpn": null, "pack": "SOIC-14_3.9x8.7mm_P1.27mm", "value": "74HC27", "mount_type": "smt", "place": true}, {"pos_x": 45.815, "pos_y": 18.695, "rotation": 90.0, "side": "top", "designator": "C4", "mpn": null, "pack": "C_0603_1608Metric", "value": "0.1u", "mount_type": "smt", "place": true}, {"pos_x": 135.285, "pos_y": 7.7, "rotation": 90.0, "side": "top", "designator": "C32", "mpn": null, "pack": "C_0603_1608Metric", "value": "0.1u", "mount_type": "smt", "place": true}, {"pos_x": 164.695, "pos_y": 9.855, "rotation": 0.0, "side": "top", "designator": "UA8_35", "mpn": null, "pack": "SOIC-14_3.9x8.7mm_P1.27mm", "value": "74HC02", "mount_type": "smt", "place": true}, {"pos_x": 80.685, "pos_y": 7.7, "rotation": 90.0, "side": "top", "designator": "C27", "mpn": null, "pack": "C_0603_1608Metric", "value": "0.1u", "mount_type": "smt", "place": true}, {"pos_x": 184.395, "pos_y": 48.3, "rotation": -90.0, "side": "top", "designator": "C54", "mpn": null, "pack": "C_0603_1608Metric", "value": "C", "mount_type": "smt", "place": true}, {"pos_x": 189.855, "pos_y": 35.15, "rotation": 180.0, "side": "top", "designator": "UA8_57", "mpn": null, "pack": "SOIC-14_3.9x8.7mm_P1.27mm", "value": "74HC27", "mount_type": "smt", "place": true}, {"pos_x": 75.225, "pos_y": 20.85, "rotation": 0.0, "side": "top", "designator": "UA8_7", "mpn": null, "pack": "SOIC-14_3.9x8.7mm_P1.27mm", "value": "74LVC07", "mount_type": "smt", "place": true}, {"pos_x": 177.325, "pos_y": 35.15, "rotation": 180.0, "side": "top", "designator": "UA8_56", "mpn": null, "pack": "SOIC-14_3.9x8.7mm_P1.27mm", "value": "74LVC07", "mount_type": "smt", "place": true}, {"pos_x": 158.985, "pos_y": 18.922, "rotation": 90.0, "side": "top", "designator": "C42", "mpn": null, "pack": "C_0805_2012Metric", "value": "1u", "mount_type": "smt", "place": true}, {"pos_x": 226.365, "pos_y": 7.7, "rotation": 90.0, "side": "top", "designator": "C40", "mpn": null, "pack": "C_0603_1608Metric", "value": "0.1u", "mount_type": "smt", "place": true}, {"pos_x": 157.125, "pos_y": 18.695, "rotation": 90.0, "side": "top", "designator": "C14", "mpn": null, "pack": "C_0603_1608Metric", "value": "0.1u", "mount_type": "smt", "place": true}, {"pos_x": 58.445, "pos_y": 37.305, "rotation": -90.0, "side": "top", "designator": "C73", "mpn": null, "pack": "C_0603_1608Metric", "value": "C", "mount_type": "smt", "place": true}, {"pos_x": 115.155, "pos_y": 48.3, "rotation": -90.0, "side": "top", "designator": "C59", "mpn": null, "pack": "C_0603_1608Metric", "value": "C", "mount_type": "smt", "place": true}, {"pos_x": 109.695, "pos_y": 35.15, "rotation": 180.0, "side": "top", "designator": "UA8_50", "mpn": null, "pack": "SOIC-14_3.9x8.7mm_P1.27mm", "value": "74HC02", "mount_type": "smt", "place": true}, {"pos_x": 209.985, "pos_y": 20.85, "rotation": 0.0, "side": "top", "designator": "UA8_19", "mpn": null, "pack": "SOIC-14_3.9x8.7mm_P1.27mm", "value": "74HC27", "mount_type": "smt", "place": true}, {"pos_x": 188.145, "pos_y": 9.855, "rotation": 0.0, "side": "top", "designator": "UA8_37", "mpn": null, "pack": "SOIC-14_3.9x8.7mm_P1.27mm", "value": "74HC27", "mount_type": "smt", "place": true}, {"pos_x": 87.855, "pos_y": 46.145, "rotation": 180.0, "side": "top", "designator": "UA8_68", "mpn": null, "pack": "SOIC-14_3.9x8.7mm_P1.27mm", "value": "74HC27", "mount_type": "smt", "place": true}, {"pos_x": 18.615, "pos_y": 46.145, "rotation": 180.0, "side": "top", "designator": "UA8_62", "mpn": null, "pack": "SOIC-14_3.9x8.7mm_P1.27mm", "value": "74LVC07", "mount_type": "smt", "place": true}, {"pos_x": 181.075, "pos_y": 23.125, "rotation": 90.0, "side": "top", "designator": "A8_R7", "mpn": null, "pack": "R_0603_1608Metric", "value": "5k", "mount_type": "smt", "place": true}, {"pos_x": 171.865, "pos_y": 37.305, "rotation": -90.0, "side": "top", "designator": "C84", "mpn": null, "pack": "C_0603_1608Metric", "value": "C", "mount_type": "smt", "place": true}, {"pos_x": 80.685, "pos_y": 18.695, "rotation": 90.0, "side": "top", "designator": "C7", "mpn": null, "pack": "C_0603_1608Metric", "value": "0.1u", "mount_type": "smt", "place": true}, {"pos_x": 211.695, "pos_y": 46.145, "rotation": 180.0, "side": "top", "designator": "UA8_79", "mpn": null, "pack": "SOIC-14_3.9x8.7mm_P1.27mm", "value": "74HC27", "mount_type": "smt", "place": true}, {"pos_x": 40.355, "pos_y": 9.855, "rotation": 0.0, "side": "top", "designator": "UA8_24", "mpn": null, "pack": "SOIC-14_3.9x8.7mm_P1.27mm", "value": "74HC27", "mount_type": "smt", "place": true}, {"pos_x": 69.365, "pos_y": 32.875, "rotation": 90.0, "side": "top", "designator": "RA8_43", "mpn": null, "pack": "R_0603_1608Metric", "value": "5k", "mount_type": "smt", "place": true}, {"pos_x": 182.785, "pos_y": 32.875, "rotation": 90.0, "side": "top", "designator": "A8_R47", "mpn": null, "pack": "R_0603_1608Metric", "value": "5k", "mount_type": "smt", "place": true}, {"pos_x": 142.455, "pos_y": 35.15, "rotation": 180.0, "side": "top", "designator": "UA8_53", "mpn": null, "pack": "SOIC-14_3.9x8.7mm_P1.27mm", "value": "74HC02", "mount_type": "smt", "place": true}, {"pos_x": 171.865, "pos_y": 43.9138, "rotation": 90.0, "side": "top", "designator": "A8_R46", "mpn": null, "pack": "R_0603_1608Metric", "value": "5k", "mount_type": "smt", "place": true}, {"pos_x": 56.735, "pos_y": 18.695, "rotation": 90.0, "side": "top", "designator": "C5", "mpn": null, "pack": "C_0603_1608Metric", "value": "0.1u", "mount_type": "smt", "place": true}, {"pos_x": 199.065, "pos_y": 20.85, "rotation": 0.0, "side": "top", "designator": "UA8_18", "mpn": null, "pack": "SOIC-14_3.9x8.7mm_P1.27mm", "value": "74HC02", "mount_type": "smt", "place": true}, {"pos_x": 16.905, "pos_y": 9.855, "rotation": 0.0, "side": "top", "designator": "UA8_22", "mpn": null, "pack": "SOIC-14_3.9x8.7mm_P1.27mm", "value": "74LVC07", "mount_type": "smt", "place": true}, {"pos_x": 107.985, "pos_y": 9.855, "rotation": 0.0, "side": "top", "designator": "UA8_30", "mpn": null, "pack": "SOIC-14_3.9x8.7mm_P1.27mm", "value": "74HC02", "mount_type": "smt", "place": true}, {"pos_x": 62.195, "pos_y": 9.855, "rotation": 0.0, "side": "top", "designator": "UA8_26", "mpn": null, "pack": "SOIC-14_3.9x8.7mm_P1.27mm", "value": "74HC02", "mount_type": "smt", "place": true}, {"pos_x": 206.235, "pos_y": 37.305, "rotation": -90.0, "side": "top", "designator": "C51", "mpn": null, "pack": "C_0603_1608Metric", "value": "C", "mount_type": "smt", "place": true}, {"pos_x": 97.065, "pos_y": 9.855, "rotation": 0.0, "side": "top", "designator": "UA8_29", "mpn": null, "pack": "SOIC-14_3.9x8.7mm_P1.27mm", "value": "74HC27", "mount_type": "smt", "place": true}, {"pos_x": 151.665, "pos_y": 20.85, "rotation": 0.0, "side": "top", "designator": "UA8_14", "mpn": null, "pack": "SOIC-14_3.9x8.7mm_P1.27mm", "value": "74HC27", "mount_type": "smt", "place": true}, {"pos_x": 120.615, "pos_y": 46.145, "rotation": 180.0, "side": "top", "designator": "UA8_71", "mpn": null, "pack": "SOIC-14_3.9x8.7mm_P1.27mm", "value": "74HC27", "mount_type": "smt", "place": true}, {"pos_x": 140.745, "pos_y": 20.85, "rotation": 0.0, "side": "top", "designator": "UA8_13", "mpn": null, "pack": "SOIC-14_3.9x8.7mm_P1.27mm", "value": "74HC02", "mount_type": "smt", "place": true}, {"pos_x": 52.985, "pos_y": 35.15, "rotation": 180.0, "side": "top", "designator": "UA8_45", "mpn": null, "pack": "SOIC-14_3.9x8.7mm_P1.27mm", "value": "74HC02", "mount_type": "smt", "place": true}, {"pos_x": 124.365, "pos_y": 18.695, "rotation": 90.0, "side": "top", "designator": "C11", "mpn": null, "pack": "C_0603_1608Metric", "value": "0.1u", "mount_type": "smt", "place": true}, {"pos_x": 204.525, "pos_y": 18.695, "rotation": 90.0, "side": "top", "designator": "C18", "mpn": null, "pack": "C_0603_1608Metric", "value": "0.1u", "mount_type": "smt", "place": true}, {"pos_x": 217.155, "pos_y": 48.3, "rotation": -90.0, "side": "top", "designator": "C49", "mpn": null, "pack": "C_0603_1608Metric", "value": "C", "mount_type": "smt", "place": true}, {"pos_x": 153.375, "pos_y": 46.145, "rotation": 180.0, "side": "top", "designator": "UA8_74", "mpn": null, "pack": "SOIC-14_3.9x8.7mm_P1.27mm", "value": "74HC27", "mount_type": "smt", "place": true}, {"pos_x": 222.615, "pos_y": 35.15, "rotation": 180.0, "side": "top", "designator": "UA8_60", "mpn": null, "pack": "SOIC-14_3.9x8.7mm_P1.27mm", "value": "74HC02", "mount_type": "smt", "place": true}, {"pos_x": 170.2066, "pos_y": 23.125, "rotation": 90.0, "side": "top", "designator": "A8_R5", "mpn": null, "pack": "R_0603_1608Metric", "value": "5k", "mount_type": "smt", "place": true}, {"pos_x": 211.695, "pos_y": 35.15, "rotation": 180.0, "side": "top", "designator": "UA8_59", "mpn": null, "pack": "SOIC-14_3.9x8.7mm_P1.27mm", "value": "74HC27", "mount_type": "smt", "place": true}, {"pos_x": 2.235, "pos_y": 48.3, "rotation": -90.0, "side": "top", "designator": "C69", "mpn": null, "pack": "C_0603_1608Metric", "value": "C", "mount_type": "smt", "place": true}, {"pos_x": 31.145, "pos_y": 46.145, "rotation": 180.0, "side": "top", "designator": "UA8_63", "mpn": null, "pack": "SOIC-14_3.9x8.7mm_P1.27mm", "value": "74HC02", "mount_type": "smt", "place": true}, {"pos_x": 113.445, "pos_y": 7.7, "rotation": 90.0, "side": "top", "designator": "C30", "mpn": null, "pack": "C_0603_1608Metric", "value": "0.1u", "mount_type": "smt", "place": true}, {"pos_x": 131.535, "pos_y": 35.15, "rotation": 180.0, "side": "top", "designator": "UA8_52", "mpn": null, "pack": "SOIC-14_3.9x8.7mm_P1.27mm", "value": "74HC4002", "mount_type": "smt", "place": true}, {"pos_x": 206.235, "pos_y": 48.3, "rotation": -90.0, "side": "top", "designator": "C76", "mpn": null, "pack": "C_0603_1608Metric", "value": "C", "mount_type": "smt", "place": true}, {"pos_x": 188.145, "pos_y": 20.832, "rotation": 0.0, "side": "top", "designator": "UA8_17", "mpn": null, "pack": "SOIC-14_3.9x8.7mm_P1.27mm", "value": "74HC27", "mount_type": "smt", "place": true}, {"pos_x": 182.685, "pos_y": 7.7, "rotation": -90.0, "side": "top", "designator": "A8_R8", "mpn": null, "pack": "R_0603_1608Metric", "value": "5k", "mount_type": "smt", "place": true}, {"pos_x": 220.905, "pos_y": 20.85, "rotation": 0.0, "side": "top", "designator": "UA8_20", "mpn": null, "pack": "SOIC-14_3.9x8.7mm_P1.27mm", "value": "74HC02", "mount_type": "smt", "place": true}, {"pos_x": 24.075, "pos_y": 48.3, "rotation": 90.0, "side": "top", "designator": "A8_R51", "mpn": null, "pack": "R_0603_1608Metric", "value": "5k", "mount_type": "smt", "place": true}, {"pos_x": 91.605, "pos_y": 18.695, "rotation": 90.0, "side": "top", "designator": "C8", "mpn": null, "pack": "C_0603_1608Metric", "value": "0.1u", "mount_type": "smt", "place": true}, {"pos_x": 147.915, "pos_y": 37.2082, "rotation": -90.0, "side": "top", "designator": "C83", "mpn": null, "pack": "C_0603_1608Metric", "value": "C", "mount_type": "smt", "place": true}]